{"cameraMode":{"drawMode":0,"name":"Shaded","section":"Shading Mode"},"sceneLighting":true,"audioPlay":false,"sceneViewState":{"m_AlwaysRefresh":false,"showFog":true,"showSkybox":true,"showFlares":true,"showImageEffects":true,"showParticleSystems":true,"showVisualEffectGraphs":true,"m_FxEnabled":true},"in2DMode":false,"pivot":{"x":-11.642087936401368,"y":1.0953142642974854,"z":0.905276894569397},"rotation":{"x":0.10838329792022705,"y":-0.6396574974060059,"z":0.09177317470312119,"w":0.7554298043251038},"size":25.020906448364259,"orthographic":false}