{"cameraMode":{"drawMode":0,"name":"Shaded","section":"Shading Mode"},"sceneLighting":false,"audioPlay":false,"sceneViewState":{"m_AlwaysRefresh":false,"showFog":true,"showSkybox":false,"showFlares":true,"showImageEffects":true,"showParticleSystems":true,"showVisualEffectGraphs":true,"m_FxEnabled":true},"in2DMode":false,"pivot":{"x":3.279999256134033,"y":4.769999980926514,"z":-2.980232238769531e-7},"rotation":{"x":-0.005234003532677889,"y":0.8942951560020447,"z":-0.44732800126075747,"w":-0.010462692007422448},"size":1.5885794162750245,"orthographic":false}