{"cameraMode":{"drawMode":0,"name":"Shaded","section":"Shading Mode"},"sceneLighting":false,"audioPlay":false,"sceneViewState":{"m_AlwaysRefresh":false,"showFog":true,"showSkybox":false,"showFlares":true,"showImageEffects":true,"showParticleSystems":true,"showVisualEffectGraphs":true,"m_FxEnabled":true},"in2DMode":false,"pivot":{"x":0.0007441043853759766,"y":0.4767012596130371,"z":1.0012863874435425},"rotation":{"x":0.10860686749219895,"y":-0.03726917505264282,"z":0.004074684344232082,"w":0.9933790564537048},"size":0.7575753927230835,"orthographic":true}